{
  "configVersion": 1,
  "timestamp": 1589891489118,
  "index": "/dp/index.html",
  "assetGroups": [
    {
      "name": "app",
      "installMode": "prefetch",
      "updateMode": "prefetch",
      "urls": [
        "/dp/1-es2015.52eb165e68cdc096f2bf.js",
        "/dp/1-es5.52eb165e68cdc096f2bf.js",
        "/dp/100-es2015.1b18671f0e6719d46bd9.js",
        "/dp/100-es5.1b18671f0e6719d46bd9.js",
        "/dp/101-es2015.86e9108cb0e1c2f5b974.js",
        "/dp/101-es5.86e9108cb0e1c2f5b974.js",
        "/dp/102-es2015.b32e26b0fd390bb13a07.js",
        "/dp/102-es5.b32e26b0fd390bb13a07.js",
        "/dp/103-es2015.f80f030fd7702916fc34.js",
        "/dp/103-es5.f80f030fd7702916fc34.js",
        "/dp/104-es2015.1d5e87a93dcc38923fa7.js",
        "/dp/104-es5.1d5e87a93dcc38923fa7.js",
        "/dp/105-es2015.7dc66638ffdb0ae5e01e.js",
        "/dp/105-es5.7dc66638ffdb0ae5e01e.js",
        "/dp/106-es2015.486b484f0a59861b8239.js",
        "/dp/106-es5.486b484f0a59861b8239.js",
        "/dp/107-es2015.e040c9cbf55c2425a3fa.js",
        "/dp/107-es5.e040c9cbf55c2425a3fa.js",
        "/dp/108-es2015.fcb77b1476af8d343329.js",
        "/dp/108-es5.fcb77b1476af8d343329.js",
        "/dp/109-es2015.4be84a2e0b1a815512df.js",
        "/dp/109-es5.4be84a2e0b1a815512df.js",
        "/dp/110-es2015.527ab5c4c3c2ce4115c4.js",
        "/dp/110-es5.527ab5c4c3c2ce4115c4.js",
        "/dp/111-es2015.c05daad5f1f17e22a90a.js",
        "/dp/111-es5.c05daad5f1f17e22a90a.js",
        "/dp/112-es2015.438ec8d951d81e210f3b.js",
        "/dp/112-es5.438ec8d951d81e210f3b.js",
        "/dp/113-es2015.2b1b472f19d51030af92.js",
        "/dp/113-es5.2b1b472f19d51030af92.js",
        "/dp/114-es2015.78f5048c6bd24f2caf06.js",
        "/dp/114-es5.78f5048c6bd24f2caf06.js",
        "/dp/115-es2015.49cde054d353f4819a6b.js",
        "/dp/115-es5.49cde054d353f4819a6b.js",
        "/dp/116-es2015.02189b504a146b3191fd.js",
        "/dp/116-es5.02189b504a146b3191fd.js",
        "/dp/117-es2015.0f10ac34665756748bd0.js",
        "/dp/117-es5.0f10ac34665756748bd0.js",
        "/dp/14-es2015.8c181ed2ae478d80e3c7.js",
        "/dp/14-es5.8c181ed2ae478d80e3c7.js",
        "/dp/15-es2015.76f636c2faabbe3b0584.js",
        "/dp/15-es5.76f636c2faabbe3b0584.js",
        "/dp/16-es2015.b09ce4c59c63d7ba6c91.js",
        "/dp/16-es5.b09ce4c59c63d7ba6c91.js",
        "/dp/17-es2015.49b5ca92dd4a9d83f841.js",
        "/dp/17-es5.49b5ca92dd4a9d83f841.js",
        "/dp/18-es2015.32b7f0ebcf5e4983e19b.js",
        "/dp/18-es5.32b7f0ebcf5e4983e19b.js",
        "/dp/19-es2015.5310300b801cd41c819a.js",
        "/dp/19-es5.5310300b801cd41c819a.js",
        "/dp/20-es2015.fe91d3221971b4eaeb27.js",
        "/dp/20-es5.fe91d3221971b4eaeb27.js",
        "/dp/21-es2015.d5d050a981b7dba4c2ed.js",
        "/dp/21-es5.d5d050a981b7dba4c2ed.js",
        "/dp/22-es2015.4fcb6261aa1cf4d5fbcc.js",
        "/dp/22-es5.4fcb6261aa1cf4d5fbcc.js",
        "/dp/23-es2015.0ae0ef22c8e09e4c2203.js",
        "/dp/23-es5.0ae0ef22c8e09e4c2203.js",
        "/dp/24-es2015.95fbc51c9156881506ca.js",
        "/dp/24-es5.95fbc51c9156881506ca.js",
        "/dp/25-es2015.41a25a73255bb5093d20.js",
        "/dp/25-es5.41a25a73255bb5093d20.js",
        "/dp/26-es2015.ab593268738b9c1f2641.js",
        "/dp/26-es5.ab593268738b9c1f2641.js",
        "/dp/27-es2015.7570627eb7d9ce461ea1.js",
        "/dp/27-es5.7570627eb7d9ce461ea1.js",
        "/dp/28-es2015.312bd5d4b41385949308.js",
        "/dp/28-es5.312bd5d4b41385949308.js",
        "/dp/29-es2015.ca88b6496a65e1c90675.js",
        "/dp/29-es5.ca88b6496a65e1c90675.js",
        "/dp/3-es2015.50eddb496084800beb79.js",
        "/dp/3-es5.50eddb496084800beb79.js",
        "/dp/30-es2015.eef7ecc954035638988f.js",
        "/dp/30-es5.eef7ecc954035638988f.js",
        "/dp/31-es2015.abc310e8f5c1be081767.js",
        "/dp/31-es5.abc310e8f5c1be081767.js",
        "/dp/32-es2015.f4ee609bdf816d0ac070.js",
        "/dp/32-es5.f4ee609bdf816d0ac070.js",
        "/dp/33-es2015.0bbc468bdb7ae5d0748e.js",
        "/dp/33-es5.0bbc468bdb7ae5d0748e.js",
        "/dp/34-es2015.9d50d067c580bd621bb1.js",
        "/dp/34-es5.9d50d067c580bd621bb1.js",
        "/dp/35-es2015.fd6ed676b6c531e855d7.js",
        "/dp/35-es5.fd6ed676b6c531e855d7.js",
        "/dp/36-es2015.b0b01ad1ceba1e8df20f.js",
        "/dp/36-es5.b0b01ad1ceba1e8df20f.js",
        "/dp/37-es2015.dc12896ade61d802ee17.js",
        "/dp/37-es5.dc12896ade61d802ee17.js",
        "/dp/38-es2015.07ba70160deee556e2eb.js",
        "/dp/38-es5.07ba70160deee556e2eb.js",
        "/dp/39-es2015.5186d60e7b175ec19587.js",
        "/dp/39-es5.5186d60e7b175ec19587.js",
        "/dp/4-es2015.1e8fc76cafc178ea2c24.js",
        "/dp/4-es5.1e8fc76cafc178ea2c24.js",
        "/dp/40-es2015.270d5c2cb88d5b1e1944.js",
        "/dp/40-es5.270d5c2cb88d5b1e1944.js",
        "/dp/41-es2015.f1833371b38226b69f84.js",
        "/dp/41-es5.f1833371b38226b69f84.js",
        "/dp/42-es2015.e4e1be6f5f8c20770582.js",
        "/dp/42-es5.e4e1be6f5f8c20770582.js",
        "/dp/43-es2015.53ee0df18b01c5a744c4.js",
        "/dp/43-es5.53ee0df18b01c5a744c4.js",
        "/dp/44-es2015.139b75d6027144139758.js",
        "/dp/44-es5.139b75d6027144139758.js",
        "/dp/45-es2015.ecb16244eef07700c59c.js",
        "/dp/45-es5.ecb16244eef07700c59c.js",
        "/dp/46-es2015.f803039df4b399cde2c3.js",
        "/dp/46-es5.f803039df4b399cde2c3.js",
        "/dp/47-es2015.83ecbf6a6c2eaf2c2e75.js",
        "/dp/47-es5.83ecbf6a6c2eaf2c2e75.js",
        "/dp/48-es2015.0060b3daafaa3031d061.js",
        "/dp/48-es5.0060b3daafaa3031d061.js",
        "/dp/49-es2015.9eb0692e47348994696b.js",
        "/dp/49-es5.9eb0692e47348994696b.js",
        "/dp/5-es2015.2a2db018ac85239b3fbf.js",
        "/dp/5-es5.2a2db018ac85239b3fbf.js",
        "/dp/50-es2015.b051acd574ce0c223d94.js",
        "/dp/50-es5.b051acd574ce0c223d94.js",
        "/dp/51-es2015.b2c4a8e9d410fce2e510.js",
        "/dp/51-es5.b2c4a8e9d410fce2e510.js",
        "/dp/52-es2015.c473becb3447bae079d2.js",
        "/dp/52-es5.c473becb3447bae079d2.js",
        "/dp/53-es2015.fe2c8cc1d36bbb6a9465.js",
        "/dp/53-es5.fe2c8cc1d36bbb6a9465.js",
        "/dp/54-es2015.ecfc6c1c7a41a33f5c78.js",
        "/dp/54-es5.ecfc6c1c7a41a33f5c78.js",
        "/dp/55-es2015.50078990adae57f7f9f7.js",
        "/dp/55-es5.50078990adae57f7f9f7.js",
        "/dp/56-es2015.71bd3e798257f6417bf7.js",
        "/dp/56-es5.71bd3e798257f6417bf7.js",
        "/dp/57-es2015.60eb6a012d81b9d9d867.js",
        "/dp/57-es5.60eb6a012d81b9d9d867.js",
        "/dp/58-es2015.a5aa194f5ab7792f7c46.js",
        "/dp/58-es5.a5aa194f5ab7792f7c46.js",
        "/dp/59-es2015.5a00b363656e9a29b3b2.js",
        "/dp/59-es5.5a00b363656e9a29b3b2.js",
        "/dp/6-es2015.676fd1d686fec0be61c8.js",
        "/dp/6-es5.676fd1d686fec0be61c8.js",
        "/dp/60-es2015.1c08ff4585133431b51a.js",
        "/dp/60-es5.1c08ff4585133431b51a.js",
        "/dp/61-es2015.5b520fd0043bf91b0c44.js",
        "/dp/61-es5.5b520fd0043bf91b0c44.js",
        "/dp/62-es2015.496b2a44e7fd995c73bc.js",
        "/dp/62-es5.496b2a44e7fd995c73bc.js",
        "/dp/63-es2015.a3691326036f988faea8.js",
        "/dp/63-es5.a3691326036f988faea8.js",
        "/dp/64-es2015.4acb1ce05469503ab720.js",
        "/dp/64-es5.4acb1ce05469503ab720.js",
        "/dp/65-es2015.a03347c50a0750d3463d.js",
        "/dp/65-es5.a03347c50a0750d3463d.js",
        "/dp/66-es2015.c2d43033c1b0f7db924a.js",
        "/dp/66-es5.c2d43033c1b0f7db924a.js",
        "/dp/67-es2015.e28f127dab5c3daba73e.js",
        "/dp/67-es5.e28f127dab5c3daba73e.js",
        "/dp/68-es2015.16df2548eee05a8b847c.js",
        "/dp/68-es5.16df2548eee05a8b847c.js",
        "/dp/69-es2015.995cd9811a9ee2ebeaac.js",
        "/dp/69-es5.995cd9811a9ee2ebeaac.js",
        "/dp/7-es2015.d7d7a1ed6101a232c42e.js",
        "/dp/7-es5.d7d7a1ed6101a232c42e.js",
        "/dp/70-es2015.4a2145724ca18e16b7ef.js",
        "/dp/70-es5.4a2145724ca18e16b7ef.js",
        "/dp/71-es2015.be3bfe4b3fdd41ffafd4.js",
        "/dp/71-es5.be3bfe4b3fdd41ffafd4.js",
        "/dp/72-es2015.da3a035f206848642b38.js",
        "/dp/72-es5.da3a035f206848642b38.js",
        "/dp/73-es2015.ae33fde4da27e67cc128.js",
        "/dp/73-es5.ae33fde4da27e67cc128.js",
        "/dp/74-es2015.0c12b757950a1726b750.js",
        "/dp/74-es5.0c12b757950a1726b750.js",
        "/dp/75-es2015.0dca2f1330d75766f0ac.js",
        "/dp/75-es5.0dca2f1330d75766f0ac.js",
        "/dp/76-es2015.7d8f2fece4fdc14f8c77.js",
        "/dp/76-es5.7d8f2fece4fdc14f8c77.js",
        "/dp/77-es2015.8945f764ca972fc0efdf.js",
        "/dp/77-es5.8945f764ca972fc0efdf.js",
        "/dp/78-es2015.e29a3479f6e764ae12f0.js",
        "/dp/78-es5.e29a3479f6e764ae12f0.js",
        "/dp/79-es2015.b355932c73e9969819ff.js",
        "/dp/79-es5.b355932c73e9969819ff.js",
        "/dp/8-es2015.3206ec7426339fe45cff.js",
        "/dp/8-es5.3206ec7426339fe45cff.js",
        "/dp/80-es2015.f3f384de11d7f2dfebed.js",
        "/dp/80-es5.f3f384de11d7f2dfebed.js",
        "/dp/81-es2015.152629952320949697ff.js",
        "/dp/81-es5.152629952320949697ff.js",
        "/dp/82-es2015.d845b38dcee3371e1026.js",
        "/dp/82-es5.d845b38dcee3371e1026.js",
        "/dp/83-es2015.8218ea7bd1b54e99866a.js",
        "/dp/83-es5.8218ea7bd1b54e99866a.js",
        "/dp/84-es2015.589b354e3bce8cebd6d8.js",
        "/dp/84-es5.589b354e3bce8cebd6d8.js",
        "/dp/85-es2015.4741e9351a2832b29e84.js",
        "/dp/85-es5.4741e9351a2832b29e84.js",
        "/dp/86-es2015.d18a5c2ed543d2615906.js",
        "/dp/86-es5.d18a5c2ed543d2615906.js",
        "/dp/87-es2015.44cfdf58a6da0a05a90c.js",
        "/dp/87-es5.44cfdf58a6da0a05a90c.js",
        "/dp/88-es2015.3631dc0a7a626d41c40f.js",
        "/dp/88-es5.3631dc0a7a626d41c40f.js",
        "/dp/89-es2015.40251c0b14f6f4879ccb.js",
        "/dp/89-es5.40251c0b14f6f4879ccb.js",
        "/dp/9-es2015.24cc573b35912bc6b8d9.js",
        "/dp/9-es5.24cc573b35912bc6b8d9.js",
        "/dp/90-es2015.7f85e50eccc464f5c903.js",
        "/dp/90-es5.7f85e50eccc464f5c903.js",
        "/dp/91-es2015.baa97cd010bf85e115f5.js",
        "/dp/91-es5.baa97cd010bf85e115f5.js",
        "/dp/92-es2015.be8c1cc573df386712fe.js",
        "/dp/92-es5.be8c1cc573df386712fe.js",
        "/dp/93-es2015.cbadc09f9636eab73fe8.js",
        "/dp/93-es5.cbadc09f9636eab73fe8.js",
        "/dp/94-es2015.cdb4fee0a126ded77074.js",
        "/dp/94-es5.cdb4fee0a126ded77074.js",
        "/dp/95-es2015.320979a4a55e37793ccb.js",
        "/dp/95-es5.320979a4a55e37793ccb.js",
        "/dp/96-es2015.d7fa7921a2be41f30c37.js",
        "/dp/96-es5.d7fa7921a2be41f30c37.js",
        "/dp/97-es2015.45748498c9e445e3c3c9.js",
        "/dp/97-es5.45748498c9e445e3c3c9.js",
        "/dp/98-es2015.f60c1f0a10d907dcd46f.js",
        "/dp/98-es5.f60c1f0a10d907dcd46f.js",
        "/dp/99-es2015.f291ea17a432929deb3b.js",
        "/dp/99-es5.f291ea17a432929deb3b.js",
        "/dp/common-es2015.47ea6c87304bfe80f155.js",
        "/dp/common-es5.47ea6c87304bfe80f155.js",
        "/dp/index.html",
        "/dp/main-es2015.2df46e055536cfef88c0.js",
        "/dp/main-es5.2df46e055536cfef88c0.js",
        "/dp/manifest.webmanifest",
        "/dp/polyfills-es2015.fda83e1bd1f0073d65a4.js",
        "/dp/polyfills-es5.be7ad2bdabe718d89adb.js",
        "/dp/runtime-es2015.7616f698843c5a6e0c18.js",
        "/dp/runtime-es5.7616f698843c5a6e0c18.js",
        "/dp/styles.4583ed4b69cad66e80d0.css"
      ],
      "patterns": []
    },
    {
      "name": "assets",
      "installMode": "lazy",
      "updateMode": "prefetch",
      "urls": [
        "/dp/assets/icon/favicon.png",
        "/dp/assets/icons/apple-icon-120.png",
        "/dp/assets/icons/apple-icon-152.png",
        "/dp/assets/icons/apple-icon-167.png",
        "/dp/assets/icons/apple-icon-180.png",
        "/dp/assets/icons/apple-splash-1125-2436.png",
        "/dp/assets/icons/apple-splash-1136-640.png",
        "/dp/assets/icons/apple-splash-1242-2208.png",
        "/dp/assets/icons/apple-splash-1242-2688.png",
        "/dp/assets/icons/apple-splash-1334-750.png",
        "/dp/assets/icons/apple-splash-1536-2048.png",
        "/dp/assets/icons/apple-splash-1668-2224.png",
        "/dp/assets/icons/apple-splash-1668-2388.png",
        "/dp/assets/icons/apple-splash-1792-828.png",
        "/dp/assets/icons/apple-splash-2048-1536.png",
        "/dp/assets/icons/apple-splash-2048-2732.png",
        "/dp/assets/icons/apple-splash-2208-1242.png",
        "/dp/assets/icons/apple-splash-2224-1668.png",
        "/dp/assets/icons/apple-splash-2388-1668.png",
        "/dp/assets/icons/apple-splash-2436-1125.png",
        "/dp/assets/icons/apple-splash-2688-1242.png",
        "/dp/assets/icons/apple-splash-2732-2048.png",
        "/dp/assets/icons/apple-splash-640-1136.png",
        "/dp/assets/icons/apple-splash-750-1334.png",
        "/dp/assets/icons/apple-splash-828-1792.png",
        "/dp/assets/icons/icon-128x128.png",
        "/dp/assets/icons/icon-144x144.png",
        "/dp/assets/icons/icon-152x152.png",
        "/dp/assets/icons/icon-192x192.png",
        "/dp/assets/icons/icon-384x384.png",
        "/dp/assets/icons/icon-512x512.png",
        "/dp/assets/icons/icon-72x72.png",
        "/dp/assets/icons/icon-96x96.png",
        "/dp/assets/icons/logo.png",
        "/dp/assets/icons/manifest-icon-192.png",
        "/dp/assets/icons/manifest-icon-512.png",
        "/dp/assets/shapes.svg"
      ],
      "patterns": []
    }
  ],
  "dataGroups": [
    {
      "name": "filmsapi",
      "patterns": [
        "\\/dp\\/.*"
      ],
      "strategy": "performance",
      "maxSize": 100,
      "maxAge": 86400000,
      "timeoutMs": 5000,
      "version": 1
    }
  ],
  "hashTable": {
    "/dp/1-es2015.52eb165e68cdc096f2bf.js": "dbf875c7a1065d5ce4bf582c6807fe8d29a0643c",
    "/dp/1-es5.52eb165e68cdc096f2bf.js": "1b812b280522fc2c4cff5542a262b36d92c6e253",
    "/dp/100-es2015.1b18671f0e6719d46bd9.js": "5018efd94bf571350bbaa135ab913df4d37ccd83",
    "/dp/100-es5.1b18671f0e6719d46bd9.js": "e4f9350aaef28bfceb05d473a6fb842ec1bb7490",
    "/dp/101-es2015.86e9108cb0e1c2f5b974.js": "64f2525abb5648398a1b8b519c3f829c578e3afa",
    "/dp/101-es5.86e9108cb0e1c2f5b974.js": "5b0cdb0f9a53635853ae4fad55062cb6d313d8a1",
    "/dp/102-es2015.b32e26b0fd390bb13a07.js": "d71b7ccbe206e4774834a6d204ded614117afc10",
    "/dp/102-es5.b32e26b0fd390bb13a07.js": "35cd23c6c74e556f8647a52f2ea51853a30456e0",
    "/dp/103-es2015.f80f030fd7702916fc34.js": "a97fe49c5be0852890df61b09f50c8540caa7357",
    "/dp/103-es5.f80f030fd7702916fc34.js": "bd1cac01b503c35948ab50b9b4f862b9958ac417",
    "/dp/104-es2015.1d5e87a93dcc38923fa7.js": "4ed9bbeb8da75322526d37f2bfc3b508977f8584",
    "/dp/104-es5.1d5e87a93dcc38923fa7.js": "a3c7257ea24e6ee580d631bb7473bf1b50eca15d",
    "/dp/105-es2015.7dc66638ffdb0ae5e01e.js": "70a9f28d602e15fd2c5b9dda5dd91cef76121cd3",
    "/dp/105-es5.7dc66638ffdb0ae5e01e.js": "2822787d0185648dc35fd5dbcd4323d8be0edce2",
    "/dp/106-es2015.486b484f0a59861b8239.js": "ea188cf4f5b9ea6b0ace60456c23667b8a5cf580",
    "/dp/106-es5.486b484f0a59861b8239.js": "7298de121313240dd8ad8025e86f942709b746f1",
    "/dp/107-es2015.e040c9cbf55c2425a3fa.js": "e908e49c41e92e28872618afbfba1a37002a1457",
    "/dp/107-es5.e040c9cbf55c2425a3fa.js": "1c1d745e47716f1134b97559671da98e23e43e12",
    "/dp/108-es2015.fcb77b1476af8d343329.js": "9afe819d148ed6a8ba1484aecfd824ea86a47c38",
    "/dp/108-es5.fcb77b1476af8d343329.js": "85a690c66d89c428bcfd41ebeb5548687b7cc2b0",
    "/dp/109-es2015.4be84a2e0b1a815512df.js": "ca9d2e73d9100e24b97704862d1b2e3fb1082038",
    "/dp/109-es5.4be84a2e0b1a815512df.js": "f2b18dbe3012de268205a936294b6216797e26a4",
    "/dp/110-es2015.527ab5c4c3c2ce4115c4.js": "cf329593dd632e737ee7a8821527f80901451fa4",
    "/dp/110-es5.527ab5c4c3c2ce4115c4.js": "18041d5a014076ee63480923601c22db6ec61155",
    "/dp/111-es2015.c05daad5f1f17e22a90a.js": "e0cf4364e06ca66373136ebdd05b5de516159db0",
    "/dp/111-es5.c05daad5f1f17e22a90a.js": "9721f3d2e5b55c6af7a9a0a1adc0b2c2be035d98",
    "/dp/112-es2015.438ec8d951d81e210f3b.js": "3c2059b74e4c2beff10d6be727cec4780922ea49",
    "/dp/112-es5.438ec8d951d81e210f3b.js": "bd7de8ff90e28334342f6a063495156f3e35dad7",
    "/dp/113-es2015.2b1b472f19d51030af92.js": "45d3195de993f069f9f39ec75884ac5365c04dfd",
    "/dp/113-es5.2b1b472f19d51030af92.js": "9e14647313fd6898a06def66d989efcafee7a993",
    "/dp/114-es2015.78f5048c6bd24f2caf06.js": "c462d3175bdf11440b95a08c8d21ba00c278ddcc",
    "/dp/114-es5.78f5048c6bd24f2caf06.js": "4d0c5d279cdfe1b4fd4df22de6b5ba3a79409bc5",
    "/dp/115-es2015.49cde054d353f4819a6b.js": "b712573dce624ea178cdbd39658e96b36af22c74",
    "/dp/115-es5.49cde054d353f4819a6b.js": "b168bde4306aa083ad10741c17f0d9b38b4d3273",
    "/dp/116-es2015.02189b504a146b3191fd.js": "7eda25aafe052d8397097182d2cd65468efea16f",
    "/dp/116-es5.02189b504a146b3191fd.js": "7eda25aafe052d8397097182d2cd65468efea16f",
    "/dp/117-es2015.0f10ac34665756748bd0.js": "601778d904589ea94278705c29145791a9d72f7a",
    "/dp/117-es5.0f10ac34665756748bd0.js": "ad4f145f90c48d08f253df870fd1c89619fc03b4",
    "/dp/14-es2015.8c181ed2ae478d80e3c7.js": "94dd129fed6c29402b7261866b4c40edbfe07bfc",
    "/dp/14-es5.8c181ed2ae478d80e3c7.js": "b3a619be8f64482bb4efd970f7ee2ceb25954494",
    "/dp/15-es2015.76f636c2faabbe3b0584.js": "1c283e12972bd36574b7f9418f30d4e5bdceb3d0",
    "/dp/15-es5.76f636c2faabbe3b0584.js": "f5f6690effba60dab87f457786975182c105fa4d",
    "/dp/16-es2015.b09ce4c59c63d7ba6c91.js": "47a98667807adfd3e130eb50602abeb48cc48c6c",
    "/dp/16-es5.b09ce4c59c63d7ba6c91.js": "e7b888aba0260a6973d6d769bc07d0c555dd9279",
    "/dp/17-es2015.49b5ca92dd4a9d83f841.js": "673db91e067682fc6ef8238e4cecc820fad03bc6",
    "/dp/17-es5.49b5ca92dd4a9d83f841.js": "45ff733b1507c555ce0126f26295b76e4e40ae40",
    "/dp/18-es2015.32b7f0ebcf5e4983e19b.js": "c42c69102fb924e98892bc352749cfd33af82766",
    "/dp/18-es5.32b7f0ebcf5e4983e19b.js": "1bc6cabaff06d32e068497e516eeaac4f0e467b2",
    "/dp/19-es2015.5310300b801cd41c819a.js": "b436974745d45c6dc6dc636c7629c5fd0c7d9df8",
    "/dp/19-es5.5310300b801cd41c819a.js": "353585d3b23b6b568142a294db665b17523b6dcd",
    "/dp/20-es2015.fe91d3221971b4eaeb27.js": "97e72fd1c848132fe95ab1b5018e91bfbbdee096",
    "/dp/20-es5.fe91d3221971b4eaeb27.js": "ac96152ec962a19bd693c8047237230304416c8f",
    "/dp/21-es2015.d5d050a981b7dba4c2ed.js": "288091c73e2f26ec36229513c916ab26cd75446f",
    "/dp/21-es5.d5d050a981b7dba4c2ed.js": "029d6806cce8c915160b1ad6dc4ccb5417cdb952",
    "/dp/22-es2015.4fcb6261aa1cf4d5fbcc.js": "6e8a9cf1f6b98decf482ce126c517cedc2958ad0",
    "/dp/22-es5.4fcb6261aa1cf4d5fbcc.js": "2cf0d4516cc37015881c89d315bc561376625097",
    "/dp/23-es2015.0ae0ef22c8e09e4c2203.js": "f76de1a8c53afc4dc20bd1c97e64185697ceb61c",
    "/dp/23-es5.0ae0ef22c8e09e4c2203.js": "928be2d2d41d2dd68f6fbaf97f61c5815ea017d4",
    "/dp/24-es2015.95fbc51c9156881506ca.js": "5deb9028fabc1daa682eee472da43dc388a79b95",
    "/dp/24-es5.95fbc51c9156881506ca.js": "87435385d28c0b031e6ba2e793f6ef5df76ca710",
    "/dp/25-es2015.41a25a73255bb5093d20.js": "82203d41eacadb808bfd3dbf9cbf8ab84857e568",
    "/dp/25-es5.41a25a73255bb5093d20.js": "ff09e96a36505f07ad14b7b1ccc6a662dd243f3b",
    "/dp/26-es2015.ab593268738b9c1f2641.js": "029608ec7e9bc5d557dee8069d24350d8f9c03c2",
    "/dp/26-es5.ab593268738b9c1f2641.js": "372b9608bf40e6f700072a5294ca68ff0cd09b7f",
    "/dp/27-es2015.7570627eb7d9ce461ea1.js": "74a4730a1259fe742c3ed711315b8cce42aeb93e",
    "/dp/27-es5.7570627eb7d9ce461ea1.js": "044d836e94d065d07bc547456838a8cbe0238d5c",
    "/dp/28-es2015.312bd5d4b41385949308.js": "b029c1de91869ab1b41dd013e3fd2f143d87c8c5",
    "/dp/28-es5.312bd5d4b41385949308.js": "a06c734d9eeb9ada49131ba76d58f0657f333011",
    "/dp/29-es2015.ca88b6496a65e1c90675.js": "3efb922b2a6d8c56c0946a48b533956963844bed",
    "/dp/29-es5.ca88b6496a65e1c90675.js": "70a79280dd80bafb0f47295afab14035e0766a0c",
    "/dp/3-es2015.50eddb496084800beb79.js": "89aa4873c227c9cfee0bc3b087b57c6cf9918f05",
    "/dp/3-es5.50eddb496084800beb79.js": "bbef1e54afdcb31a0fea53974e8f4d2f02a73cc3",
    "/dp/30-es2015.eef7ecc954035638988f.js": "dc21a617bb6aef225359dd4735fb216c424f6f4d",
    "/dp/30-es5.eef7ecc954035638988f.js": "63775bb3822c5ad8b9ee528c0d6a552a2f9f314e",
    "/dp/31-es2015.abc310e8f5c1be081767.js": "a4ec3c222bbef6e2291dc4bb2fc27c012a8de8bf",
    "/dp/31-es5.abc310e8f5c1be081767.js": "44cdca2f02994e1267ab5bbad6a3316c3681b05e",
    "/dp/32-es2015.f4ee609bdf816d0ac070.js": "899f8984411675287228d87bab6b2af50face79a",
    "/dp/32-es5.f4ee609bdf816d0ac070.js": "3c17def12212df5f6ad5dac14b6df2d1803493b6",
    "/dp/33-es2015.0bbc468bdb7ae5d0748e.js": "bf4cbeb45e0c656f2d51fbf3f8a60e1a93de014d",
    "/dp/33-es5.0bbc468bdb7ae5d0748e.js": "ef7a0e16978d86b44c947881a6258802be1de027",
    "/dp/34-es2015.9d50d067c580bd621bb1.js": "8dee918493243182920c39ba08a177ff4adef236",
    "/dp/34-es5.9d50d067c580bd621bb1.js": "6ae18c938a89b4b91f1b6d131a0188986a640425",
    "/dp/35-es2015.fd6ed676b6c531e855d7.js": "715b4a271ee8ef85d997967fa251358876946af4",
    "/dp/35-es5.fd6ed676b6c531e855d7.js": "715b4a271ee8ef85d997967fa251358876946af4",
    "/dp/36-es2015.b0b01ad1ceba1e8df20f.js": "b143d8496f02a213145defd646c68cb98a73cabd",
    "/dp/36-es5.b0b01ad1ceba1e8df20f.js": "61631e6786262507b5823f81916bac9fc9944714",
    "/dp/37-es2015.dc12896ade61d802ee17.js": "23dc9c9b44f33e0c6e91a6d21c4eea14793b6d86",
    "/dp/37-es5.dc12896ade61d802ee17.js": "3f1e37a2e5c0601369750d87ddbade1ee3ec35c6",
    "/dp/38-es2015.07ba70160deee556e2eb.js": "f1925e03a03aa763372b76536a0e735784b71b66",
    "/dp/38-es5.07ba70160deee556e2eb.js": "cef099053c6591bebe95abbcf384e6702fade062",
    "/dp/39-es2015.5186d60e7b175ec19587.js": "1006102c6200a36078523544e871c7c8534d8f17",
    "/dp/39-es5.5186d60e7b175ec19587.js": "c0ea797b87822a24bbde8a7050ad6fc8d61bfd48",
    "/dp/4-es2015.1e8fc76cafc178ea2c24.js": "bc426a4f83a56296b67ac78ddbe2d7fe0b257464",
    "/dp/4-es5.1e8fc76cafc178ea2c24.js": "f1bf451c8ca84d16522727c60c99465a7e6bbbf0",
    "/dp/40-es2015.270d5c2cb88d5b1e1944.js": "31fcc7782ba949761acdd9c686eb4fbaff23b9c3",
    "/dp/40-es5.270d5c2cb88d5b1e1944.js": "ab09045aa6129575143565a550869d04204556a8",
    "/dp/41-es2015.f1833371b38226b69f84.js": "70066af4d97b7f136cdadf2960f3f65781320c91",
    "/dp/41-es5.f1833371b38226b69f84.js": "f7862ed61dddc66bf7c7fc6aa389d2f209a708bf",
    "/dp/42-es2015.e4e1be6f5f8c20770582.js": "438e03e4388cc955043750eced9595d0dc3600ae",
    "/dp/42-es5.e4e1be6f5f8c20770582.js": "e0dd454fb37f28ae113f12e189b91dc8c3ce3865",
    "/dp/43-es2015.53ee0df18b01c5a744c4.js": "aad9c20d6a73d19758a9d0dbbf4a05eddceb860f",
    "/dp/43-es5.53ee0df18b01c5a744c4.js": "2ab6bb27b2f56e5e73b3e113f8ec76226b62681b",
    "/dp/44-es2015.139b75d6027144139758.js": "9194d25f8fc96bc0b76202531e4fbdbb98c66261",
    "/dp/44-es5.139b75d6027144139758.js": "e95532495284b516bb40f999c67976a411de52de",
    "/dp/45-es2015.ecb16244eef07700c59c.js": "5e67c9aaa77fdf42175055e83c646cb6a688af0d",
    "/dp/45-es5.ecb16244eef07700c59c.js": "a8a1d8c34da193cc575580f28fa0f7deb031d834",
    "/dp/46-es2015.f803039df4b399cde2c3.js": "f3713dd0eddcf881da9756452ad464e4d4c773ec",
    "/dp/46-es5.f803039df4b399cde2c3.js": "9912995f9a4c73bbdde8dccc20bc9abf1cb767a6",
    "/dp/47-es2015.83ecbf6a6c2eaf2c2e75.js": "2bf7131102c781da4de23f21e4582373a7b83d14",
    "/dp/47-es5.83ecbf6a6c2eaf2c2e75.js": "151f23ec47ed28d7ce022f14065577803347d2b7",
    "/dp/48-es2015.0060b3daafaa3031d061.js": "fcb048af0b7c75cef5a87e75f31697164b8f5e69",
    "/dp/48-es5.0060b3daafaa3031d061.js": "80ac3ff0cf61669d50b707a605c73e8919676697",
    "/dp/49-es2015.9eb0692e47348994696b.js": "7cb9dc107c1fae39151ea6162c6f6137dcc04264",
    "/dp/49-es5.9eb0692e47348994696b.js": "58aaeac93cc116ce82930070822aa13652c55f4b",
    "/dp/5-es2015.2a2db018ac85239b3fbf.js": "46cbe5464c3faf8b878b28ba1d4db2fd1e5e0d40",
    "/dp/5-es5.2a2db018ac85239b3fbf.js": "c372a02bb20cb336e28e6c1796be07b0e06f40e1",
    "/dp/50-es2015.b051acd574ce0c223d94.js": "1d7aa2403ecf271613f554bd5b37203e1e63798e",
    "/dp/50-es5.b051acd574ce0c223d94.js": "2c5cc543c9bffe2b80284710adf9cb6e85e4fe7d",
    "/dp/51-es2015.b2c4a8e9d410fce2e510.js": "4d1f2daf21b1248d6f237ca2399decfde1117aaf",
    "/dp/51-es5.b2c4a8e9d410fce2e510.js": "666c2334911f7cc45f55b2b2166589a6a6e37925",
    "/dp/52-es2015.c473becb3447bae079d2.js": "17a50f58b79c283de0634f4c25108e7aa0ff49ca",
    "/dp/52-es5.c473becb3447bae079d2.js": "2ca07d681b70780618cd2076ab5bbc6ce14dd7b7",
    "/dp/53-es2015.fe2c8cc1d36bbb6a9465.js": "ffe1b0097ce28c5b3ca07235d1a654c791cefe1d",
    "/dp/53-es5.fe2c8cc1d36bbb6a9465.js": "8805a494aa962b88dd04e122119d84ec29bed37e",
    "/dp/54-es2015.ecfc6c1c7a41a33f5c78.js": "7ba60dffb6c9fe93953d05da013d939a4fc4c2c4",
    "/dp/54-es5.ecfc6c1c7a41a33f5c78.js": "42f00f33082b75cb01b7d1a294e70689e86f86c3",
    "/dp/55-es2015.50078990adae57f7f9f7.js": "51482b074470c25051e1d66414846a67d9d3fbca",
    "/dp/55-es5.50078990adae57f7f9f7.js": "a0d053513c374010ef1de01eb94463b1f290a7e4",
    "/dp/56-es2015.71bd3e798257f6417bf7.js": "2837daa614d2eac664f246e64a95bf24ea213dbe",
    "/dp/56-es5.71bd3e798257f6417bf7.js": "efaea0d4711bb58941d13b78a7a7f580eed2296f",
    "/dp/57-es2015.60eb6a012d81b9d9d867.js": "c1c83a97993a50c79d8048f98fa9eea0c52cd3a1",
    "/dp/57-es5.60eb6a012d81b9d9d867.js": "71a39c10a0332b6d3e5a5837e5969df4f5f403c6",
    "/dp/58-es2015.a5aa194f5ab7792f7c46.js": "c20daabb9600bd3641463f8d19c1506fef9a2a12",
    "/dp/58-es5.a5aa194f5ab7792f7c46.js": "c34be5d36a9fe32ac541f03acd4145e552fe7625",
    "/dp/59-es2015.5a00b363656e9a29b3b2.js": "e23cdf6b641aff3bf56530fda4ea656490c1ffab",
    "/dp/59-es5.5a00b363656e9a29b3b2.js": "4c89d03c60fc4291d14f72d34d411ea611f7adb8",
    "/dp/6-es2015.676fd1d686fec0be61c8.js": "09c092572c26a6a3700ab0ad2df7146cc00d2799",
    "/dp/6-es5.676fd1d686fec0be61c8.js": "512956bb31dde8f3ceac07121757d95604d1f0b4",
    "/dp/60-es2015.1c08ff4585133431b51a.js": "d63a23a00b6f9135edb61cd312309bcd1baf2d4d",
    "/dp/60-es5.1c08ff4585133431b51a.js": "7c5b01d07edec09e04a9c9f406bd20e01555164c",
    "/dp/61-es2015.5b520fd0043bf91b0c44.js": "12cf4468a9ff8f4ccbc2c1469c7e8d04febec002",
    "/dp/61-es5.5b520fd0043bf91b0c44.js": "6da1cb0fbe715e449e6bb3743017b9bee2def041",
    "/dp/62-es2015.496b2a44e7fd995c73bc.js": "11efb6cb253a174e7471701288e3346e2c9da6a6",
    "/dp/62-es5.496b2a44e7fd995c73bc.js": "ab9fbc3b7f005c7ae70f00eaab2556cd4d848156",
    "/dp/63-es2015.a3691326036f988faea8.js": "91efc353c7eb36a9a167f77464aafaa6c75d8702",
    "/dp/63-es5.a3691326036f988faea8.js": "986f27e25450cc1da31365c88727c2c6c7a955bf",
    "/dp/64-es2015.4acb1ce05469503ab720.js": "ed32b881dcaa0d6a9d971d80b3fefd0aa5cf190f",
    "/dp/64-es5.4acb1ce05469503ab720.js": "1bd99cdb26e7cb705c7c379131b0f12105269d56",
    "/dp/65-es2015.a03347c50a0750d3463d.js": "330d95e5352f1eeef35b1a198fd8d96eed6fd2c7",
    "/dp/65-es5.a03347c50a0750d3463d.js": "0f45c801681a7989cdb421f70b1732c12e228f3d",
    "/dp/66-es2015.c2d43033c1b0f7db924a.js": "cb6b103d600045228fe53ed0b41f98590f0d2852",
    "/dp/66-es5.c2d43033c1b0f7db924a.js": "60a55cceb47478a8d25dcde645a0bf1186148c8f",
    "/dp/67-es2015.e28f127dab5c3daba73e.js": "2e69095ca6f1e3fa02b4f2bc5159e4c5b2db66a0",
    "/dp/67-es5.e28f127dab5c3daba73e.js": "4eef2cadd48363dede906efa02c7fac81ef621c2",
    "/dp/68-es2015.16df2548eee05a8b847c.js": "3394c84d41f4322c9ac7c018068bdf96226b7d06",
    "/dp/68-es5.16df2548eee05a8b847c.js": "3f54585c56f5081767fc6c48a2d1c7721f974d09",
    "/dp/69-es2015.995cd9811a9ee2ebeaac.js": "57eefe8348f032fa41a98cdaf8e50ad67019a096",
    "/dp/69-es5.995cd9811a9ee2ebeaac.js": "715299b7df840f4de78fe1371056f33bf9899082",
    "/dp/7-es2015.d7d7a1ed6101a232c42e.js": "dae4857cc2e7976b209cc2fb465b523b4864be14",
    "/dp/7-es5.d7d7a1ed6101a232c42e.js": "5be343438f72f89d55298bf7045234cf644747b1",
    "/dp/70-es2015.4a2145724ca18e16b7ef.js": "d6d469bf3e97a36209c892deb0a4e32a130388db",
    "/dp/70-es5.4a2145724ca18e16b7ef.js": "bed1320fd13258e71f377a134e011d9a1d2416cf",
    "/dp/71-es2015.be3bfe4b3fdd41ffafd4.js": "10f94904fad23735a275c51cf15c5b4310903af9",
    "/dp/71-es5.be3bfe4b3fdd41ffafd4.js": "0f31faf8995c20688225043eb9fdf2901986d89b",
    "/dp/72-es2015.da3a035f206848642b38.js": "ae9a6fb9b48d5489c4a5cd57f87bcd204f762cca",
    "/dp/72-es5.da3a035f206848642b38.js": "e571088de629265af057142f14a27652fda7c165",
    "/dp/73-es2015.ae33fde4da27e67cc128.js": "f83e7ac24c930d39f5c475b92f835d81019f925b",
    "/dp/73-es5.ae33fde4da27e67cc128.js": "7d8a5824b3ef3aa2bf38714792acfeb87989dc2b",
    "/dp/74-es2015.0c12b757950a1726b750.js": "ecb2a9f5cac678a761af6408b3964ce426c9eadf",
    "/dp/74-es5.0c12b757950a1726b750.js": "ec52f6896bc77dccf887a3e02ef0c4714511f2db",
    "/dp/75-es2015.0dca2f1330d75766f0ac.js": "22c882b3586cec2131b222db1d903b437bd21939",
    "/dp/75-es5.0dca2f1330d75766f0ac.js": "6fe8365cb22730bef37dd375d219b7eb7191ee56",
    "/dp/76-es2015.7d8f2fece4fdc14f8c77.js": "e8b1e58470562ea40d83a280760d610cc7c79109",
    "/dp/76-es5.7d8f2fece4fdc14f8c77.js": "efa2790dc4ca3e6f60f5b68ed2bd013cb8fcf37d",
    "/dp/77-es2015.8945f764ca972fc0efdf.js": "14269e2891f3ef1996f9fe7c555eb6852ab31a35",
    "/dp/77-es5.8945f764ca972fc0efdf.js": "3b0006304dd7f5ea8bd77549495996a6d146f88b",
    "/dp/78-es2015.e29a3479f6e764ae12f0.js": "01148755058bc296e8d3e252caa29b16adf5952f",
    "/dp/78-es5.e29a3479f6e764ae12f0.js": "9bf95188e863de0bbf3b69a8e007cb7713ef4d3d",
    "/dp/79-es2015.b355932c73e9969819ff.js": "927e195ad94615323071172ccf528947f3412185",
    "/dp/79-es5.b355932c73e9969819ff.js": "7200b7f9fbfec539ab38799bc0612cffa50a3d7d",
    "/dp/8-es2015.3206ec7426339fe45cff.js": "002359852bfa2fdd78b3db6ccb9bc7c3a45cc9c2",
    "/dp/8-es5.3206ec7426339fe45cff.js": "40db61cbadb6a5f6b0fe3c5fdbb3c1f97f132855",
    "/dp/80-es2015.f3f384de11d7f2dfebed.js": "aaa862e6e6fae50c86156269e293f1208b990875",
    "/dp/80-es5.f3f384de11d7f2dfebed.js": "49a88fda74b20cbc809374b6963454a20e6fb3d7",
    "/dp/81-es2015.152629952320949697ff.js": "7cf8e77d75ee03023939c376cc568c8237f1c1df",
    "/dp/81-es5.152629952320949697ff.js": "4f0aeec13c4658dcdb802d51e04c9735a823d8ec",
    "/dp/82-es2015.d845b38dcee3371e1026.js": "178ba3d0a7e4dd3d2af85f180b8dc6c934b0db5d",
    "/dp/82-es5.d845b38dcee3371e1026.js": "9a0f4668bf645bb19887d38dcdb87be8388ea8c2",
    "/dp/83-es2015.8218ea7bd1b54e99866a.js": "d2bcb8e5a3812dbb4a09c21dd78c5ce5b89e7de1",
    "/dp/83-es5.8218ea7bd1b54e99866a.js": "27610c54796c15bdfb2d0197513940cf2266415b",
    "/dp/84-es2015.589b354e3bce8cebd6d8.js": "cff3d2834cb5cf34012bb8d4934edfcdbfcfd5b4",
    "/dp/84-es5.589b354e3bce8cebd6d8.js": "3240e116f4a6571827e744eee415092bdee5764d",
    "/dp/85-es2015.4741e9351a2832b29e84.js": "58596ade93ed434b76de81c2e71f0126c0161bc6",
    "/dp/85-es5.4741e9351a2832b29e84.js": "c388b4d74d6aadd656bc1ddc43b6966e44e1c85c",
    "/dp/86-es2015.d18a5c2ed543d2615906.js": "a24de30eb5895033fc1c0956ceb973d9cb59bf1e",
    "/dp/86-es5.d18a5c2ed543d2615906.js": "4e91dcfa2929363f51b765ae0b7f251c7c2c6d96",
    "/dp/87-es2015.44cfdf58a6da0a05a90c.js": "abeaafcf9cb97cd0c21743161d47cd763905329b",
    "/dp/87-es5.44cfdf58a6da0a05a90c.js": "cab9dc7ea5d168ba5e0b5761f7e7e9a91146c75d",
    "/dp/88-es2015.3631dc0a7a626d41c40f.js": "65b59b7a685696fd94bc32d4d2475bfc5073fdf5",
    "/dp/88-es5.3631dc0a7a626d41c40f.js": "8e3d977817ff3fd3a473598e77a6e29c8bf5628e",
    "/dp/89-es2015.40251c0b14f6f4879ccb.js": "02d36cca20ae071bec0f62c8fdab9b5003bc99bb",
    "/dp/89-es5.40251c0b14f6f4879ccb.js": "927a07b8885f75b7d52a0a6415248bbce0c3363a",
    "/dp/9-es2015.24cc573b35912bc6b8d9.js": "d285b2e3294715e3a971f790eb88088db45fd86f",
    "/dp/9-es5.24cc573b35912bc6b8d9.js": "f74a51792edb3bf1781fe2f90debadc113508a83",
    "/dp/90-es2015.7f85e50eccc464f5c903.js": "80893dcc2e78f36c0cdd43f1aa3b24ba3ad6b0d9",
    "/dp/90-es5.7f85e50eccc464f5c903.js": "04276c23a220d7f2d43328f6f3be33579606c151",
    "/dp/91-es2015.baa97cd010bf85e115f5.js": "96cf9941a8e2055a0ee92833f7bfa3a6e768728d",
    "/dp/91-es5.baa97cd010bf85e115f5.js": "d38fe92901e0c658ce840475a21920da64f24d02",
    "/dp/92-es2015.be8c1cc573df386712fe.js": "c35c9ded1d06c89cb562dfc0411e7e1aaad6e2e9",
    "/dp/92-es5.be8c1cc573df386712fe.js": "df07761571454a320a4b0869706cf6271c252da5",
    "/dp/93-es2015.cbadc09f9636eab73fe8.js": "724203b620d4ed3613934f0b23b48cf04300d381",
    "/dp/93-es5.cbadc09f9636eab73fe8.js": "5d399446ebe3f80e2ae4386a447d4ec74eac62e0",
    "/dp/94-es2015.cdb4fee0a126ded77074.js": "38f0a017e891c7053b19701d70add78b37e6edac",
    "/dp/94-es5.cdb4fee0a126ded77074.js": "f9e9d6c856310da474bfbc373cd73419d69174b2",
    "/dp/95-es2015.320979a4a55e37793ccb.js": "b43b64bfbfea3bf3b0c9bd43534c4322e5efc78d",
    "/dp/95-es5.320979a4a55e37793ccb.js": "b5d788431b547a69d0e48de743cfef24ead03797",
    "/dp/96-es2015.d7fa7921a2be41f30c37.js": "a224f6051c3a43f8fb243ee0cd611df82cfd78d4",
    "/dp/96-es5.d7fa7921a2be41f30c37.js": "a4c7cb920d5e91f5fac52ae992a368afa323ac79",
    "/dp/97-es2015.45748498c9e445e3c3c9.js": "2df4ad5457a3b6b0c1b002f902024cd1bb429ae6",
    "/dp/97-es5.45748498c9e445e3c3c9.js": "30abf90f7f98837c32e483be2d4a08e75502c96f",
    "/dp/98-es2015.f60c1f0a10d907dcd46f.js": "fdb42060af72a12ef6155fc8b2c0d6c2ed39d856",
    "/dp/98-es5.f60c1f0a10d907dcd46f.js": "d9ba619c24ab86d2eb7fdaf5ead44f382e310f65",
    "/dp/99-es2015.f291ea17a432929deb3b.js": "dd426f942f2f297f9ff6ded7d2945b234fbd1256",
    "/dp/99-es5.f291ea17a432929deb3b.js": "7b124e595fb87b0148ae7d1910374d2452671413",
    "/dp/assets/icon/favicon.png": "7798b8e0eb61d7375c245af78bbf5c916932bf13",
    "/dp/assets/icons/apple-icon-120.png": "038ead8ef6be6001df1245dd3ec4029952dd1491",
    "/dp/assets/icons/apple-icon-152.png": "280d4445d434802452afa2a4acff91db7f5373d3",
    "/dp/assets/icons/apple-icon-167.png": "a7301f536a112c4d031c4ced6e179c80d371ff5c",
    "/dp/assets/icons/apple-icon-180.png": "e784c7dcf384648355a80d6cbc1c54a18f56f631",
    "/dp/assets/icons/apple-splash-1125-2436.png": "44603d9aa273bdfb5f5fd42f2d7d82e7236f8c27",
    "/dp/assets/icons/apple-splash-1136-640.png": "baf00d770ecf55c067c3a79204520849eeafe147",
    "/dp/assets/icons/apple-splash-1242-2208.png": "8c177bc8e47f733d3a0ac202c1d3edf14b879454",
    "/dp/assets/icons/apple-splash-1242-2688.png": "36c5b680fafdca69524572cdd63337b7b19b8a75",
    "/dp/assets/icons/apple-splash-1334-750.png": "5fca182f2411786f3aa30cf258703f4d981b79e7",
    "/dp/assets/icons/apple-splash-1536-2048.png": "77310abe9c25a320adf6799e8cde716bccd542a8",
    "/dp/assets/icons/apple-splash-1668-2224.png": "9052c4babf955061256f1cc32f13c07665e060b4",
    "/dp/assets/icons/apple-splash-1668-2388.png": "5b649416c0b15f0150e1313723aea9c343b90c41",
    "/dp/assets/icons/apple-splash-1792-828.png": "dba8278c2d70618b1f1b0f41725ec2e0f28c0c2b",
    "/dp/assets/icons/apple-splash-2048-1536.png": "d3fc4adcbb820ae8c636bbe206d13a75f77d9390",
    "/dp/assets/icons/apple-splash-2048-2732.png": "4d1adcf039d625bee372b6311198a65b862a7406",
    "/dp/assets/icons/apple-splash-2208-1242.png": "f12065b7281cda05ddaac87027ea8e2de73883c5",
    "/dp/assets/icons/apple-splash-2224-1668.png": "650b30b479bad472c9af8c454c9db786b77aee91",
    "/dp/assets/icons/apple-splash-2388-1668.png": "4db37ce93f0a10660dad0ac2e7ca98a920d1a41e",
    "/dp/assets/icons/apple-splash-2436-1125.png": "234ea95292714bfcb798ee57721e5de432caf62c",
    "/dp/assets/icons/apple-splash-2688-1242.png": "cde9623e9d23c66b933ee9ba50c78094e51e3711",
    "/dp/assets/icons/apple-splash-2732-2048.png": "cab25c7cfdb4f8bd23d38e583a5f28578b0a2f48",
    "/dp/assets/icons/apple-splash-640-1136.png": "8ec8b4c5de3a3c790bb6654de10fd8e87f74b057",
    "/dp/assets/icons/apple-splash-750-1334.png": "1c85c38dd48654c463045b77129e9d09b5a15b93",
    "/dp/assets/icons/apple-splash-828-1792.png": "773c643cf57e20aafb7535257c3cf71125e2c296",
    "/dp/assets/icons/icon-128x128.png": "dae3b6ed49bdaf4327b92531d4b5b4a5d30c7532",
    "/dp/assets/icons/icon-144x144.png": "b0bd89982e08f9bd2b642928f5391915b74799a7",
    "/dp/assets/icons/icon-152x152.png": "7479a9477815dfd9668d60f8b3b2fba709b91310",
    "/dp/assets/icons/icon-192x192.png": "1abd80d431a237a853ce38147d8c63752f10933b",
    "/dp/assets/icons/icon-384x384.png": "329749cd6393768d3131ed6304c136b1ca05f2fd",
    "/dp/assets/icons/icon-512x512.png": "559d9c4318b45a1f2b10596bbb4c960fe521dbcc",
    "/dp/assets/icons/icon-72x72.png": "c457e56089a36952cd67156f9996bc4ce54a5ed9",
    "/dp/assets/icons/icon-96x96.png": "3914125a4b445bf111c5627875fc190f560daa41",
    "/dp/assets/icons/logo.png": "44791d4e308d5394db2c162a62d7d9e21dfd103f",
    "/dp/assets/icons/manifest-icon-192.png": "bdc62aaeb11db3107fe66e0767cd8c8b7aed314c",
    "/dp/assets/icons/manifest-icon-512.png": "98620f4a71e39ed914761914e8b00f4c73c70422",
    "/dp/assets/shapes.svg": "5413e95adabcb2cb639970051f55e0ddb64ace53",
    "/dp/common-es2015.47ea6c87304bfe80f155.js": "fc78e0ee2a6658e9e80e5667cd6c98c79056b003",
    "/dp/common-es5.47ea6c87304bfe80f155.js": "c9e9951ed1c17ec5566d19e39c86d621dd0d0153",
    "/dp/index.html": "8873a78a3da8fa7c414e6127775844d677a0d7e6",
    "/dp/main-es2015.2df46e055536cfef88c0.js": "9900f25871dc25b3b99d88484f632afbc3b9fa7c",
    "/dp/main-es5.2df46e055536cfef88c0.js": "afb3b7ae8720e2246e1ff304009a897239277ce8",
    "/dp/manifest.webmanifest": "14654499af894453d8257da14798bc8db8b01b96",
    "/dp/polyfills-es2015.fda83e1bd1f0073d65a4.js": "387cd87dfbbe5f4cb7b57ed0cca061108e0b6f13",
    "/dp/polyfills-es5.be7ad2bdabe718d89adb.js": "6dcdd0e3c64dabba504bf6adca7c90c255c8a32b",
    "/dp/runtime-es2015.7616f698843c5a6e0c18.js": "d9391e8bd668287bf09c9f01200d67a2b3785868",
    "/dp/runtime-es5.7616f698843c5a6e0c18.js": "ef7da62629ba2685dd136ace62f5f325f85bf4d7",
    "/dp/styles.4583ed4b69cad66e80d0.css": "2f4da2106c3faa87c4fac709fd17ec4c720c9415"
  },
  "navigationUrls": [
    {
      "positive": true,
      "regex": "^\\/.*$"
    },
    {
      "positive": false,
      "regex": "^\\/(?:.+\\/)?[^/]*\\.[^/]*$"
    },
    {
      "positive": false,
      "regex": "^\\/(?:.+\\/)?[^/]*__[^/]*$"
    },
    {
      "positive": false,
      "regex": "^\\/(?:.+\\/)?[^/]*__[^/]*\\/.*$"
    }
  ]
}